Nombre;RUT;Email;Edad;Posee Mascota
Inez;15914556-5;feugiat.Lorem.ipsum@scelerisquesedsapien.ca;18;No
Phoebe;11297942-5;mauris.ut.mi@vellectus.edu;19;No
Xerxes;39395808-1;Nulla.dignissim@dui.co.uk;19;No
Shelby;22770565-5;Aliquam@condimentumeget.org;19;No
Raya;7685475-0;eget.metus@nuncnulla.net;19;Si
Carla;7638296-4;Curae.Donec.tincidunt@facilisisSuspendissecommodo.org;19;Si
Paula;32236033-9;Cum.sociis.natoque@sagittisNullamvitae.com;19;No
Quemby;18754616-8;accumsan.sed.facilisis@utquam.org;19;No
Kylee;39413530-5;Sed.pharetra@habitantmorbitristique.net;20;No
Mikayla;46613708-1;Suspendisse.aliquet@auctor.net;20;No
Aretha;14007042-4;Integer@etrutrum.net;21;No
Dacey;36617144-4;risus.a@lobortis.ca;22;No
Zoe;30371495-2;Cras.eu@purusMaecenaslibero.net;22;Si
Colette;30940220-0;auctor.velit.eget@egestasDuisac.ca;22;No
Ciara;17822854-4;aliquet.vel.vulputate@ut.ca;22;Si
Mona;24368735-7;quam@atpedeCras.net;22;Si
Lacy;25787034-0;sed@Sed.net;22;No
Sybil;5554483-2;Sed@tinciduntneque.com;22;No
Quinn;7496071-5;eget.mollis@pede.org;23;Si
Nayda;5824113-k;montes@Phaselluslibero.net;23;Si
Beatrice;15857166-8;aliquam.adipiscing@sem.net;23;No
Jillian;16721952-7;eu@sitamet.edu;23;No
Evangeline;22066235-7;non@nibhDonec.ca;23;No
Geraldine;26960641-k;dolor.egestas@inmagna.com;23;No
Aurora;17764363-7;gravida@pharetrautpharetra.com;24;No
Tashya;30024840-3;Duis.at.lacus@Namacnulla.org;24;No
Ariel;11513794-8;egestas.Aliquam@nonquam.co.uk;24;No
Jennifer;48753305-k;eget@auctornonfeugiat.edu;24;No
Vivian;21401591-9;nec.enim.Nunc@Morbiquisurna.ca;24;Si
Hanna;33081933-2;gravida.mauris.ut@idanteNunc.net;25;No
Rana;17935300-8;adipiscing.elit@feugiat.edu;26;No
Sharon;46343177-9;fermentum.arcu.Vestibulum@sem.net;26;No
Jana;29471785-4;In.nec.orci@aliquameuaccumsan.net;26;Si
Adrienne;24375522-0;diam@tellus.com;26;No
Anne;8010666-1;Donec@vel.ca;27;Si
Leila;21827943-0;Integer.eu.lacus@nibh.com;28;Si
Kitra;31603041-6;varius.ultrices.mauris@veliteget.net;29;No
Darryl;43612756-1;Donec@magna.net;29;No
Rae;23469393-k;imperdiet@cursus.edu;30;Si
Virginia;19552008-9;Nunc.lectus.pede@risusNullaeget.edu;30;No
Jamalia;29660659-6;consectetuer@aultricies.org;30;No
Shelby;27493020-9;auctor.velit@sem.ca;30;Si
Cassidy;47806155-2;ligula.Aenean.euismod@enimgravida.net;30;No
Camilla;13503307-3;senectus.et@egetmassa.ca;31;No
Sharon;24443811-3;auctor@musAeneaneget.edu;31;No
Cora;45449584-5;nec@Donec.edu;31;No
Michelle;28983350-1;et.malesuada.fames@sedpedeCum.com;31;No
Maya;19192762-1;semper.pretium.neque@euismodin.edu;31;Si
Martena;22728124-3;Morbi.non.sapien@ac.edu;31;No
Deanna;40340320-2;vulputate.ullamcorper@In.org;31;No
Mollie;41650961-1;lobortis.augue.scelerisque@natoque.org;32;No
Jacqueline;35671445-8;amet@nonarcuVivamus.com;32;Si
Cheryl;41243868-k;pede.ac@eleifend.ca;34;No
Keiko;35929110-8;lobortis.risus.In@lectus.net;34;No
Britanney;21434003-8;sed.turpis@tellusPhaselluselit.ca;34;Si
Lillith;46359673-5;non@velarcu.org;35;No
Ciara;36805495-k;dolor.quam@magnaCras.com;35;No
Willa;13221377-1;magna.Sed.eu@nulla.co.uk;35;No
Callie;30937027-9;sapien.Nunc.pulvinar@intempus.edu;35;No
Courtney;46953599-1;a.dui@asollicitudin.ca;35;Si
Inga;42018411-5;ut.nulla.Cras@tellus.ca;36;Si
Eugenia;8556409-9;nisi@ridiculusmusProin.co.uk;37;Si
Katelyn;32267771-5;Duis.gravida@CuraeDonectincidunt.edu;37;No
Mckenzie;41241716-k;sem.Nulla.interdum@eleifendnuncrisus.net;37;No
Macy;49138128-0;interdum.Sed.auctor@atfringillapurus.co.uk;37;No
Marcia;47749349-1;orci.luctus@montesnascetur.edu;37;No
Veronica;8687160-2;diam.vel.arcu@imperdiet.co.uk;38;Si
Geraldine;24801022-3;consequat.lectus.sit@non.edu;38;Si
Lillian;11758083-0;orci.Donec@Phasellusvitaemauris.edu;38;Si
Maya;39499797-8;eu@at.com;38;Si
Lacy;6336329-4;dictum@felis.net;39;No
Xandra;23800897-2;iaculis.enim.sit@interdumlibero.ca;39;Si
Aspen;41766139-5;Sed.molestie@turpisAliquam.ca;40;No
Rinah;7252746-1;amet.ornare.lectus@veliteu.org;40;No
Shea;33517313-9;non.dui.nec@necanteblandit.ca;41;No
Shea;11927423-0;vehicula.aliquet@fringillaornareplacerat.edu;41;No
Zoe;41129496-k;ut@convallisdolorQuisque.net;41;No
Risa;25572112-7;lectus.justo.eu@bibendumfermentum.com;42;Si
Isabella;39701221-2;vel.vulputate.eu@antedictumcursus.com;42;No
Quon;21076362-7;adipiscing@orciluctuset.com;42;No
Madeson;25546029-3;erat@ullamcorpernisl.org;43;Si
Rhea;37143471-2;ullamcorper.viverra@etipsum.co.uk;44;No
Amy;30648894-5;Etiam.vestibulum@taciti.net;44;No
Chava;9790465-0;blandit@tincidunttempus.ca;44;No
Lunea;33808300-9;Proin.eget@posuerecubiliaCurae.ca;45;Si
Catherine;5359437-9;ligula@natoque.net;46;No
Breanna;9789362-4;elementum@semper.org;46;No
Geraldine;15585896-6;Phasellus.libero.mauris@anteiaculis.edu;46;No
Shelly;45078557-1;Etiam.vestibulum.massa@tinciduntcongueturpis.org;47;Si
Demetria;19539261-7;enim.diam@Pellentesque.net;47;No
Meredith;13345042-4;vel.mauris@cursusinhendrerit.co.uk;48;Si
Nelle;26981848-4;sit@Maecenasmi.net;49;No
Urielle;15057523-0;aliquet.lobortis@nequevitaesemper.ca;49;No
Charlotte;24648385-k;elementum.sem@tinciduntDonecvitae.edu;49;No
Flavia;48365279-8;sed.pede@Suspendissecommodotincidunt.co.uk;49;Si
Fredericka;29950626-6;at.risus@Duissit.org;49;No
Hanae;43796733-4;Donec.egestas@risus.org;49;No
Lareina;42611385-6;nisi.Cum.sociis@luctus.org;50;Si
Whoopi;49904382-1;semper@cursus.edu;50;Si
Catherine;10693124-0;nulla@etarcuimperdiet.org;50;No
